recall_id,recall_text,len_original,recall rate,rephrased_text,len_rephrased,rate
60a91a7fbccaa6f7ea138a1c,Friends were on their annual trip when one of the friends decided to surprise one with the frog. The other friend was not happy with the incident and decided she would revenge on her.,183,0.04,Companions embarked on their yearly excursion during which a member of the group chose to startle another with a frog. The surprised friend was displeased with the event and resolved to retaliate against her.,208,0.0181546394098076
613b0345b71875844ee7fbe3,2 friends went away on a camping trip 1 fell in the water this was due to her seeing a frog,91,0.13,Two companions departed for an outdoor camping adventure One of them tumbled into the water which occurred because she spotted a frog,133,0.0971257634850374
60670075662d19e13a79d7e9,"Friends in a camp, something with a frog, laugh uncontrollably.",63,0.26,"Companions at a campsite, an incident involving a frog, burst into hysterical laughter.",87,0.12952381467885044
5fb2808bf1937b872c6ad534,Two friends were sitting by the lakeside and one dared the other to catch a frog. The other friend refused to touch the frog that's when he was pushed into the lake.,165,0.11,A pair of companions were perched beside the lake when one challenged the other to capture a frog. The second companion declined to handle the amphibian which led to him being shoved into the water.,198,0.07343194002272717
5fc48f75214f5d8dbc69f27e,We were camping at a lake. My friend spotted a frog and was dared to catch it. They caught it. They did something to me. They'll get theirs soon enough.,152,0.13,Our campsite was by a lake. A frog caught my friend's attention and they were challenged to capture it. They succeeded in capturing it. They played a prank on me. Retribution will come their way shortly.,203,0.07188523580399009
5fb3a3c38a7d5903b43c1949,Went to a summer camp with my best friend and she dared me to scoop a frog out of the water whilst I was eating my sandwiches,125,0.15,Attended a summer camp alongside my closest companion where she challenged me to retrieve a frog from the pond as I was consuming my sandwich,141,0.17898506820957436
5e9fd839311b8018f88c99eb,my friend pushed me into the lake because she thought she spotted a frog. so she challenged to jump into the lake to catch the frog!,132,0.17,my companion shoved me into the water as she believed she saw a frog. thus she dared to leap into the waterbody to capture the amphibian!,137,0.05020883648372253
5d10a559017b2a000179ecb6,"The two girls were at a camping trip which was part of their annual holiday. They were looking at a frog near to the water`s edge. One girl pushed the other girl in the water and when she emerged, she saw the frog there. She promised the other girl revenge for pushing her in the water.",286,0.08,"Both girls were on a camping excursion as a segment of their yearly vacation. They observed a frog close to the brink of the water. One of the girls nudged her companion into the water and as she resurfaced, the frog was in her sight. She vowed retaliation against her friend for the playful shove into the water.",313,0.06538864601057504
63b84157bb3eb77c442413e8,A friend and myself were out in the woods for the day and she challenged me to catch a frog. After a bit of laughing she pushed me into the lake to which we had cycled to in the woods. As I dragged myself out she spotted the frog and grabbed him to hand to me. This resulted in much laughter as the absurdity of the situation hit us. It was a good day spent with a good friend.,377,0.06,My companion and I spent the day in the forest where she dared me to capture a frog. We shared a few chuckles before she nudged me into the water which we had reached by biking through the trees. Climbing out of the water she noticed the frog and swiftly picked it up to pass to me. This caused a burst of giggles as we realized how ridiculous the moment was. It was an enjoyable day with a cherished companion.,411,0.03586683953080288
641c2b936dc70fab01d77dc6,"I and my friend went out, and then we saw a frog, then she gave me a nudge, you know friends cannot get no for an answer, I said to myself I will give her a payback.",165,0.15,"My companion and I headed outside, where we encountered a frog, at which point she nudged me, as you're aware, friends seldom accept a refusal, I thought internally I'll ensure she receives her comeuppance.",206,0.0988198623523786
59a66a62cf8b8d0001771fcd,a lady was eating a sandwich by the edge of some water when her friend pushed her in.,85,0.3,A woman was consuming a sub at the brink of a body of water as her companion shoved her into it.,96,0.16566834859447907
5d27b8fee5af0b00157f41a6,"My best friend found a frog on the lake, it was her favorite camping spot.",74,0.38,"My closest companion discovered a frog by the lake, this place was her most cherished spot for camping.",103,0.1900416813402912
5ea313378e994c25658eae92,My friend pushed me into a lake. This was during our summer picnic. She said she saw a frog in the water and asked me to jump in. She gave me a nudge and I fell in. When I got out there was a frog at the side of the lake.,221,0.13,A buddy of mine shoved me into a body of water. It happened at our picnic in the summertime. She claimed to have spotted a frog swimming. and urged me to take a leap into the lake. She prodded me forward gently causing me to tumble into the water. Upon emerging from the lake I noticed a frog perched by the water's edge.,321,0.06321345535993765
60355f4612906156ad917438,"A girl and her best friend went to a lake. She was sat by the water’s edge when the friend wanted to see if they could catch a frog, but the girl didn’t want to. The friend nudged her and she fell into the water. When she got out of the water the frog was on the shore.",269,0.11,"A young lady and her closest companion visited a lakeside. She found herself seated at the brink of the water while her companion expressed a desire to attempt frog-catching, yet the young lady was not in favor of the idea. Her companion gave her a gentle push which resulted in her tumbling into the lake. Upon emerging from the lake a frog was present on the bank.",366,0.07046243009319668
5683b9722c7f11000b3d08ba,It was a summers evening. It all started when there was a little frog near the lake. I'd just sat down to eat my sandwich when my friend suggested I get the frog out but I told her I wasn't interested. She then gave me a nudge and fell into the water.,251,0.12,The evening was warm with summer's touch. Everything began with a small frog beside the lake. I had only just settled to consume my sandwich as my companion proposed that I remove the frog yet I expressed my lack of interest. She proceeded to give me a gentle push which resulted in her tumbling into the water.,311,0.06743523700536976
64518e0e1d8bff225cd5e491,"I was with a friend down by the lake when she pushed me in. We were on holiday and down by the lake when I saw a frog and was trying to catch it. My friend was annoyed and so she pushed me in the lake. When I emerged she handed me the frog and said there you are. I said you wait, I will get you back sometime.",310,0.1,"My companion and I were beside the lake as she shoved me into the water. We were vacationing near the water's edge when I spotted a frog and attempted to capture it. My friend became irritated prompting her to push me into the water. As I came up from the lake she presented me with the frog and declared, here you go. I warned her, just you wait, I'll have my revenge eventually.",380,0.07007776071923683
60a7ac27f10784b94cec23df,A story of how her best friend pushed her into the rivers. They saw a frog and she dared her to catch it but then nudged her into the river and she fell in and there was the frog in front of her. She said that she will definitely get her revenge.,246,0.13,A tale about her closest companion nudging her towards the waterways. They spotted an amphibian and she was challenged to snatch it yet she was unexpectedly jostled into the water causing her to tumble in where the frog appeared right before her. She vowed to certainly seek retaliation.,287,0.060572940033519096
602b7ef25103a629e2004d70,my best friend pushed me into a lake. it happened over our summer vacation. near the lake my friend spotted a frog. she was eating a sandwich. I wanted one too. and she told me i would get mine soon enough.,206,0.15,"My closest companion shoved me into the water. This occurred during our summer break. Beside the lake, my buddy noticed a frog. She was consuming a sandwich at the time. I desired one as well. She assured me that I would receive mine shortly.",242,0.12566848639516523
5ad2254db438910001ac9c31,"It was on a camping trip, when my friend pushed me in the lake. She crept up behind me and gave me a nudge. As I got out of the water there was a frog. I told my friend that I would get her back for this.",204,0.16,"During a camping excursion, my companion shoved me into the lake. She sneaked up on me and prodded me forward. While I was emerging from the lake a frog was present. I informed my buddy that revenge would be mine.",213,0.11450232036037553
617221eb8868cd4fc83eb616,My best friend pushed me into the lake. The frog jumped out. She catches it. She put it into my hands. Soon I will get my revenge.,130,0.25,My closest companion shoved me into the water. The amphibian leaped away. She grasps it. She placed it in my palms. I shall soon exact my retribution.,150,0.1537437313523332
59ad3ee82d73c00001e5cb12,I went out with my best friend to the lake on summer's afternoon. We were sitting by the lake at our favourite spot eating our sandwiches when my friend said I couldn't catch the frog sitting nearby. Not being able to resist a challenge I stood up to catch the frog when my friend gave me a nudge and I fell into the water. I laughed uncontrollably. My friend caught the frog. I said I would get my revenge.,407,0.08,"My best friend and I headed to the lake on a summer afternoon. Seated by the water's edge at our preferred spot, we munched on our sandwiches as my friend teased that I wouldn't be able to grab the nearby frog. Incapable of turning down a dare I rose to apprehend the amphibian at which point my friend nudged me causing me to tumble into the lake. I burst into uncontrollable laughter. My companion succeeded in capturing the frog. I vowed to have my retribution.",464,0.07955015630879307
614fcba0d71b7a527a512011,A friend pushed me into the lake because I wouldn’t catch a frog. I laughed and when I came out of the lake there was a frog on the shore. I vowed to get revenge on my friend.,175,0.19,My companion shoved me into the water since I refused to grab a frog. I chuckled and as I emerged from the water a frog was sitting by the lakeside. I promised myself to retaliate against my buddy.,197,0.11370634673619284
5cf3168f70036500017cdf89,She was on a camping trip with her friend during summer. They were having a picnic by the water. They were at the edge of the forest. Her friend saw a frog and tried to make her chase it. She was then in the water and her friend threw the frog at her as a joke. She then promised to get her revenge on her friend.,313,0.11,"During the summer, she embarked on a camping excursion with her companion. By the water's edge, they enjoyed a leisurely picnic. They positioned themselves at the forest's boundary. Spotting a frog, her companion urged her to pursue it. Subsequently, she found herself in the water while her friend playfully tossed the frog at her. She vowed to exact retribution on her companion thereafter.",392,0.0847737009978316
63de9eece971e379ea3abbf1,"the participant was eating a sandwich by the lake. it was summer and her best friend pushed her in. There was something about a frog and being scared of it, stand at the edge. then she got revenge by pushing her friend into the lake too.",237,0.14,"The individual was consuming a sandwich beside the water. The season was summertime when her closest companion shoved her into the water. An incident involved a frog and a feeling of fear towards the amphibian, linger near the brink. subsequently, she exacted retribution by nudging her companion into the water as well.",320,0.0691213131617187
60fedccd65da849fc08a6498,"A girl was pushed into the water on a summers afternoon she nudged her into the water and when she got out she found a frog and gave it to her, she said she would get hers soon.",177,0.19,"The girl was shoved into the liquid during a summer's day pushing her gently into the water and upon her emergence she discovered an amphibian which she handed over to her friend, she declared retribution would come her way shortly.",232,0.09475634022452577
5f2ad10f2a2fc93c43768f1a,"My friend pushed me into the lake on our annual visit to lake, there was a frog, she wanted me to see it, I wasn't interested she pushed me in, then tried to hand me frog. I said I would get revenge.",199,0.17,"My companion shoved me into the water during our yearly trip to the lake, a frog was present, she was eager for me to spot it, I showed no enthusiasm she nudged me into the water, afterwards attempting to pass the frog to me. I declared my intent for retribution.",263,0.10629863897323197
63062f7d8fb591eee9806333,My best friend pushed me into the lake. They said they saw a frog. We were on a camping trip. I was sitting down to eat a sandwich. We both laughed about it. I said I would get my revenge on them.,196,0.18,My closest companion shoved me into the water. They claimed to have spotted a frog. We were on an outdoor excursion. I had just settled down to consume a sandwich. We chuckled together over the incident. I vowed to exact retribution on them.,241,0.13728338837307055
60fea505c8796961a71b67d9,It was a peaceful summers afternoon on our annual camping trip. My friend dared me to catch a frog. She nudged me and I fell into the water. The frog was at the waters edge. It made me laugh. I felt like getting revenge and said to my friend 'you'll get yours',260,0.14,"The afternoon was serene during the summer season during our yearly excursion into the wilderness. A challenge was issued by my companion to ensnare an amphibian. She gave me a slight push resulting in my tumble into the pond. At the edge of the water resided the frog. Its presence caused me to chuckle. The desire for playful retaliation grew within me as I addressed my comrade with a warning, 'your time will come.'",419,0.08127608109391404
5a84125d17ef350001708120,"She was on a camping trip with her mate that they do this every year and she was pushed in by her mate, as she spotted a frog. The other friend was eating so she didn't want get the frog so her mate pushed her in, the friend will get revenge , just gotta wait and see!",268,0.14,"She embarked on a wilderness adventure with her companion a tradition they upheld annually when her companion playfully shoved her in, upon her noticing a frog. Another pal was indulging in a meal thus she refrained from capturing the frog prompting her mate to nudge her into the water, vengeance is planned by the friend, time will reveal the outcome!",353,0.10887650662937676
6447a1d0a79b93156810e05f,"i was enjoying a peaceful afternoon with my friend. she noticed a frog and gave me a gentle nudge, i fell into the water and after i laughed uncontrollably. friend being friends you know... i said i will get you back.",217,0.18,"I spent a tranquil afternoon alongside my companion. She spotted a frog and nudged me softly, causing me to tumble into the water followed by my bursting into laughter. That's what friends do, after all... I declared my intention for playful revenge.",250,0.11295551315271996
5cc92c45a7f12900180c5d53,"I was with my best friend on the shore and she pushed me in the lake. It was a summers evening and there was a frog, my friend got the frog and then put it onto my hand I laughed uncontrollably and said you will get your karma.",227,0.17,"My best friend and I were on the lakeside together when she nudged me into the water. The evening was warm, characteristic of summer and a frog was present, which my friend promptly captured before placing it in my palm I couldn't stop laughing and proclaimed that retribution would come her way.",296,0.11475315295908783
60460afa467ff102d3c5b9f6,"a friend pushed the other friend in to the water, trying to catch a frog. The friend was sitting down eating a sandwich but the other friend could not take a no for an answer. The other friend promised to revenge.",213,0.2,"One companion shoved their peer into the liquid, in an attempt to snatch a frog. While seated, the friend was consuming a sandwich, yet the companion persisted, unwilling to accept a refusal. Vengeance was vowed by the drenched friend.",235,0.15009111446102125
5f9ed109e20fb249e3c484d4,"The friends were camping in the woods at the lake. It was the afternoon and one was eating a sandwich, the other wanted to catch a frog, so pushed the first one into the lake. When she emerged she had a frog on her head. She declared she would get revenge.",256,0.17,"The companions set up camp by the forested lakeside. The time was late afternoon, with one friend munching on a sandwich, while another was intent on capturing a frog, thus nudged the sandwich-eater into the water. As she surfaced, a frog perched atop her head. She vowed to exact retribution.",293,0.08609327110580198
5e47ad846c3d4425c60ccbe5,"Two friends were on their annual summer camping trip. One friend decided to dare their other friend to go in the water as there was a frog on the waters edge, the other friend decided against the idea so whilst their friend wasn't paying attention, they crept up and pushed their friend into the water. When she emerged, she was handed the frog that had been on the waters edge to which erupted tumultuous laughter.",415,0.1,"A pair of companions embarked on their yearly wilderness excursion. During the trip, one of them challenged the other to venture into the lake since a frog was perched by the water's brink, but the challenged friend was not in favor of the idea and while the daring friend was distracted, the other stealthily approached and nudged their unsuspecting friend into the lake. As she resurfaced, she received the frog that had been sitting at the edge of the water which led to an outburst of hearty laughter.",505,0.07227739114966333
5ccb7255d6dd220015fd965c,My friend pushed me into a lake. It was on our summer camping trip. I was sat by the water and she came up behind me and gave me a nudge. When I emerged there was a frog on the beach and she handed it to me. I said I would get my revenge soon.,243,0.18,My companion shoved me into the water. This occurred during our summer camp excursion. I was seated at the water's edge when she approached from behind and pushed me slightly. As I surfaced a frog was present on the shore which she passed to me. I vowed to retaliate before long.,279,0.11380371322150534
60be23c5a5d59757b99d0014,"We were at the lake on a summer camp, There was a front on the edge lake and my friend dared me to catch it, I said no so he sneaked up behind me and gave me a snug I fell into the lake and I couldn't stop laughing uncontrollably and swore that I would get her back soon enough.",278,0.16,"Our location was a lakeside during a summer retreat, A dock was situated at the lake's brink and a challenge was issued by my companion to seize it, I declined the dare thus he crept up on me from behind and embraced me tightly causing me to tumble into the water where I burst into uncontrollable laughter vowing to exact my revenge on her before long.",353,0.0653404528803116
60ba2bab477f5f776919e5ab,"My friend pushed into a lake, were at a summer camp and there was a frog at the edge of the lake, she asked me if I want to go see the frog I refused but, she pushed me in to the lake when I emerged I could help but laugh uncontrollably , I saw her with the frog in her hand and she asked me if I wanted to hold it, I said 'No'. the first thing on my mind was revenge. I told her I'll get her back.",398,0.11,"My companion shoved me into a body of water, while we were at a camp during the summer, and at the water's edge, there perched a frog, she inquired whether I was interested in observing the frog up close I declined, yet she nudged me into the aquatic expanse as I surfaced, I found myself laughing hysterically, I caught sight of her holding the amphibian, and she posed the question of whether I wished to handle it, I responded with a firm 'No'. thoughts of retribution were foremost in my mind. I assured her that I would have my payback.",541,0.04389630228563029
56c5c6489b720300057af888,My friend pushed me in to a lake. This happened at our annual picnic. I was just sitting down and she saw a frog sitting on the edge of the lake. She asked me to help it. I said No. Then she pushed me into the lake. As I got out she showed me a frog sitting on the side and gave it to me.,288,0.16,"My companion nudged me into a body of water. It occurred during our yearly outdoor gathering. I had just taken a seat when she noticed an amphibian perched by the water's brink. She requested my assistance with it. I declined. Subsequently, she propelled me into the water. While I was emerging she presented me with an amphibian on the shore and handed it over to me.",368,0.14101124714580426
5fa1db108aaea037919570d4,My friend pushed me into a lake at our favourite spot when I said I wouldn’t catch a frog. Then she saw a frog and handed it to me when I emerged from the lake and I said just you wait you’ll get yours,201,0.23,"My companion shoved me into the water at our most cherished location after I declared I wouldn't snag a frog. Subsequently, she spotted a frog and passed it to me as I surfaced from the water and I remarked your turn will come you'll have your turn",248,0.16413763254874994
5e852dd84fc423121601a0f8,my best friend pushed me at the lake while at summer trip camping. we were at our favorite spot and as i sat down eating my sandwich. she said i should catch a frog thats all i can recall,187,0.25,"My closest companion nudged me by the lakeside during our camping excursion in the summer. We had settled at the spot we loved most while I was seated, enjoying my sandwich. She suggested I try to capture a frog That's the entirety of what I remember",250,0.15560614772919992
5d39c859babfbf00185c09ac,My friend pushed me in the lake on our annual holiday. There was a frog. She sneaked up on me and pushed me in. I told her I would get my revenge. When I came out of the lake a frog was on the bank. She scooped it up and put it in my hand. We both laughed uncontrollably.,271,0.18,My companion shoved me into the water during our yearly vacation. A frog was present. She crept up behind me and thrust me forward. I warned her that I would seek vengeance. As I emerged from the water a frog rested at the water's edge. She quickly grabbed it and placed it into my palm. We erupted in uncontrollable laughter.,326,0.11483478556033741
60bc8694c10f8519a26ec749,"The girl's bestfriend pushed her in the lake. When the girl sat down to eat her sandwich, the friend asked her to pick up the frog that was on the edge. After refusing to do so, the bestfriend gave her a little nudge and she fell in. When the girl came up the friend handed her the frog and the girl said that she will get her revenge on the friend.",349,0.14,"Her closest companion nudged her into the water. As the girl settled down to enjoy her sandwich, her companion suggested she grab the frog perched at the brink. Upon her refusal, the best friend provided a gentle push resulting in her tumble into the water. Emerging from the lake, the companion extended the frog towards her and the girl vowed to exact her vengeance on her pal.",379,0.13355804183926115
64847582d222606dc6560f62,There were 2 friends on a camping trip. One dared her to try and catch the frog. The one friend tried to catch the frog and her friend pushed her into the water. When she got out of the water there stood a frog and her friend scooped it up and handed it to her. After she got pushed into the water the two friends starting laughing uncontrollably. The other friend said you just wait until I get revenge on you.,411,0.12,Two companions were on a wilderness excursion. One challenged the other to attempt to capture the amphibian. The companion made an effort to seize the frog while her companion nudged her into the aquatic body. Upon emerging from the water a frog was present and the other companion quickly grabbed it then presented it to her. Following her plunge into the water both companions burst into hysterical laughter. The other companion remarked just you wait for the retribution I have planned for you.,497,0.08475121358382293
6306776595b8bee0efa958a0,"Her friend pushed her in the water on their annual camping trip on the summer, she’d sat down at the side of the water to eat her sandwiches her friend nudged her in, when she got out her friend passed her a frog and the girl said she’d get her revenge.",253,0.2,Her companion shoved her into the water during their yearly wilderness outing in the midst of summer as she had settled by the water's edge to consume her packed lunch her companion gave her a little push once she emerged her companion handed her an amphibian and the young lady proclaimed that retribution would be hers.,321,0.13141922635498438
609252692568228b9e5399b0,"My friend pushed me into the lake. There was a frog on the side of the lake and this was our favourite game in the world. I had just sat down to eat my sandwich when she came up behind me and pushed me into the lake. When I got out of the lake, I found her by the shore waiting holding the frog in her hands. I told her that I was going to get my revenge and I just laughing uncontrollably.",390,0.13,"My companion shoved me into the water. A frog was perched at the lake's edge and this activity was our most cherished pastime. I had only just settled down to consume my sandwich when she snuck up on me and thrust me into the water. Emerging from the lake, I located her along the bank anticipating with the frog cradled in her palms. I declared my intent for playful retaliation while I was overcome with fits of laughter.",423,0.10712579866078016
6439e2d30873a9ffa6853281,"My best friend played a trick on me. We were camping, it was summer. We were by the lake. I was eating a sandwich. There was a frog. She dared me to catch the frog. I said no but she pushed me into the water. We laughed. I said I would get her back.",249,0.21,"My closest companion pulled a prank on me. We had set up camp, during the summertime. Our location was lakeside. I was consuming a sandwich. A frog was present. She challenged me to capture the frog. I declined yet she nudged me into the lake. We chuckled together. I vowed to retaliate.",287,0.1723910492818815
5f1587d28ee50f036977fe26,"Her and her mate were on their annual summer trip at a summer camp by the water. Whilst they were eating their lunch her mate dared her to catch a frog that was on the edge of the water. However, they just wanted to eat so said no. The friend decided to give her a little nudge towards the water. In which she fell in. The friend then picked up the frog. And handed it to her friend who was now covered in water. They both were laughing hysterically. And the mate that was soaking said she would get her revenge.",512,0.1,"She and her partner were spending their yearly summer vacation at a lakeside camp. While they were having their midday meal, her partner challenged her to grab a frog perched by the water's edge. Nevertheless, they preferred to continue eating and therefore declined. The companion playfully pushed her in the direction of the lake. Resulting in her tumbling into the water. The companion then scooped up the amphibian. And presented it to her drenched friend. Both erupted into uncontrollable laughter. And the drenched mate vowed to enact her vengeance.",555,0.10155303890111711
6034e8e3628ecdf282096ccf,"I went on a camping trip and my friend pushed me in the water this summer. I was sitting eating my sandwich and she nudged me to kiss a frog and I fell into the water, as I came up I remember wanting revenge as friends never really take no for an answer I yelled you will get yours soon enough.",294,0.18,"I embarked on a wilderness adventure where my companion shoved me into the liquid depths during this year's warmest season. While I was leisurely consuming my sandwich she prodded me to peck an amphibian resulting in my tumble into the aquatic embrace, emerging from the water I recall desiring retribution since pals seldom accept a refusal I proclaimed that recompense would be hers before long.",397,0.12939041266146092
59e721e0ac0af70001b36a13,Was with my friends on a summer trip and fell in to the lake is was peaceful was asked to catch a frog and I was eating a sandwich i said no she gave me a nudge and i fell in she saw a frog on the on the lakeside and scooped it up i said i would get revenge,257,0.21,Spent time with companions during a summer excursion and tumbled into the lake it felt serene received a request to capture a frog while I was consuming a sandwich I declined she pushed me gently and down I went she spotted a frog at the edge of the lake and quickly grabbed it I vowed to seek retribution,305,0.14847677274629506
614a43667262f5c9b6f3d394,my friend pushed me into the lake it was our annual camping trip she saw a frog at the edge of the lake i said i wasnt interested so she snuck up behind me and shoved me as i emerged from the lake i saw a frog on the edge and she scooped it up and handed it to me ii couldnt help but laugh.,290,0.19,"My companion nudged me into the water This was our yearly wilderness excursion She spotted a frog near the water's brink I declared my disinterest Thus, she crept up on me from behind Then pushed me in Rising from the water I noticed a frog at the shoreline She quickly grabbed it And presented it to me I burst out in laughter.",328,0.15323680943923776
64622d2f98e7fa08557b536c,"My best friend and I were by the lake, she saw a frog by the edge of the water and I told her to leave it. Because friends sometimes don't take no for an answer, she snuck up behind me and pushed me in. When I got out of the water she was laughing uncontrollably and I laughed too and told her ""Just wait your turn"".",316,0.17,"My closest companion and I stood beside the lake, she noticed a frog at the water's brink and I advised her to let it be. Given that friends often disregard refusals, she crept up on me stealthily and shoved me into the lake. As I emerged from the water she was in fits of laughter and I joined in the merriment and warned her, ""Your time will come.""",350,0.13331440520285712
586c4a8be9cb31000195ea04,"A person and their best friend went to a lake in the woods one peaceful summer day. It was lunchtime. The friend spotted a frog. The friend told the story teller to catch it. The story teller said no. They wanted to eat their lunch. So the friend, unwilling to accept the answer No, snuck up behind them. The friend pushed them into the lake. How they laughed! Then when the story teller got out of the lake the frog was sitting on the bank. Oh happy days!",456,0.12,"An individual and their closest companion ventured to a forested lake on a tranquil summer's day. The time was noon. The companion noticed a frog. The companion urged the narrator to seize the amphibian. The narrator declined. Their preference was to consume their midday meal. Thus, the companion, not taking no for an answer, crept up from behind. The companion nudged them into the water. What laughter ensued! Afterwards, as the narrator emerged from the water, the frog perched on the shore. Ah, such joyful times!",519,0.0957322897202697
60a256fa83da9572702726f0,Two friends went on a annual camping trip. One friend asked the other to catch a frog that was on the bank of the river. He declined because he sat down to have a sandwich. That's when the friend snuck up behind and pushed him in the water. They laughed. And he said she will get her turn.,289,0.19,"A pair of companions embarked on their yearly wilderness outing. One companion requested the other to seize a frog perched on the river's edge. He refused as he had just sat down to enjoy a sandwich. At that moment, the other friend stealthily approached from behind and nudged him into the water. They both chuckled heartily. And he proclaimed that she would have her moment as well.",384,0.14877369376145833
5d4e4f66ffbcf800199d5d2e,"Two friends were on a summer camping trip when one got pushed into the lake by the other. The reason this happened is that as they were eating their sandwiches by the lake they spotted a frog. One friend dared the other friend to pick it up but she refused and the other friend pushed her in. As the friend emerged from the lake, she spotted the frog and burst out laughing. Her friend scooped up the frog and put it back in the lake. The soggy friend told the other girl that she would get her revenge on her soon!",515,0.11,"A pair of companions were on a summertime camping excursion when suddenly one was shoved into the water by the other. This occurred as they were enjoying their sandwiches beside the water and noticed a frog. One companion challenged the other to pick up the amphibian but she declined prompting the other to nudge her into the water. Rising from the lake, she caught sight of the frog and couldn't help but laugh heartily. Her companion picked up the frog and returned it to its aquatic home. The drenched friend warned the other that she would soon enact her playful vengeance.",578,0.09542447229083044
5e7d21d4373d5e3a2a98d1fd,"My friend pushed me into a lake on our camping trip. I had just began to eat my sandwich in the woods when she spotted a frog. She nudged me into the lake and as I got out she handed me the frog and we laughed. I said ""just you wait I will get revenge""",252,0.22,"My companion shoved me into the water during our wilderness excursion. I was just starting to enjoy my sandwich among the trees when she caught sight of an amphibian. She gave me a push toward the water and as I emerged she presented me with the frog and we burst into laughter. I declared ""mark my words retribution will be mine""",330,0.1439998541134242
641c80af676f09a6e4add4d7,"A kid was at summer camp and was pushed into the lake by a friend, this happened because he was eating a sandwich and his friend asked him to catch a frog to which he declined because he wasn't interested but his friend didn't take no for an answer and pushed him in, to his surprise when he emerged from the water he spotted the frog and his friend grabbed the frog and he started laughing uncontrollably and vowed he would get his friend back soon enough.",457,0.13,"A child was at a summer retreat and found himself shoved into the water by a companion, the reason being his consumption of a sandwich while his companion challenged him to snag a frog which he refused as he had no interest in doing so yet his companion wouldn't accept a refusal and tipped him into the lake, unexpectedly, as he rose from the lake he noticed the frog and his companion seized the amphibian causing him to burst into uncontrollable laughter and he swore to retaliate against his friend before long.",515,0.1002160415322524
647ab0ae3a04a26f3243da7e,"My best friends pushed me into the lake. It started during summer camp. She dared me to catch a frog, but I wasn't interested. But friends, y'know, don't take no for an answer. Then she gave me a little nudge. ""Just you wait, your turn next"", she said.",252,0.23,"My closest companions shoved me into the water. The incident occurred at summer camp. She challenged me to grab a frog, yet I had no desire to do so. However, friends, as you understand, won't accept a refusal. Subsequently, she prodded me slightly. ""Mark my words, you're up next,"" she declared.",296,0.12203036780246618
5f4e826dade9a507a7c6c2d3,"My friend pushed me into the lake at our favourite spot in the woods. The reason was a frog that she saw, she wanted me to catch it. I disagreed, because I just started eating sandwich at this moment. She came behind me and pushed me into the water. I told her that I'm going to revange.",287,0.2,"My companion shoved me into the waterbody at the cherished location we have in the forest. This was due to a frog she spotted, her intention was for me to capture it. I was not in favor, since I had just begun to consume my sandwich then. She approached from my rear and thrust me into the aquatic depths. I declared to her my intent for retaliation.",350,0.14422412056674283
60a520c051c98eb480c2811f,"The story is about two friends. The first friend who wanted the other friend to touch a frog during their annual summer camp or was it at their favorite spot in the woods? The first friend gave the second friend a push and when the second friend emerged from the water, they were handed the frog. The friend who emerged from the water laughed uncontrollably and threatened that next time they were going to get their revenge.",425,0.14,"This tale revolves around a pair of companions. One of them urged their companion to handle a frog at their yearly summer retreat or could it have been in their cherished woodland hideaway? The instigating friend nudged the other and as the nudged friend surfaced from the aquatic depths, a frog was presented to them. The friend who came out of the water burst into hysterical laughter and vowed that in the future, they would exact their vengeance.",450,0.08463857870879996
579768e3dcff7d0001c7c462,I was by a lake in the woods with my friend. I was just about to have my lunch when she suggested we catch a frog in the lake. I said no because I was just starting lunch. However not taking no for an answer she pushed me in. When I managed to get out she handed me a frog she had scooped up from the lake shore. We both laughed thinking it was funny. I told her I would get revenge saying something like 'you will get yours!'.,427,0.14,"My friend and I were beside a woodland lake. I was on the verge of starting my meal when she proposed that we try to capture a frog from the lake. I declined as I was about to begin eating my lunch. Yet, she persisted, unwilling to accept my refusal and nudged me into the water. Once I climbed back to shore she presented me with a frog that she had gathered at the edge of the lake. We both burst into laughter finding the situation amusing. I warned her that I would have my payback with words to the effect of 'your time will come!'",536,0.10254302490610072
60a3cb60b3e2bdb82a865197,She was sitting at their favourite spot in the woods at their annual summer camp. After she had just sat down to eat her sandwich her best friend asked her to catch the frog. Upon her refusal her friend then gave her a little nudge into the pond. When she emerged she laughed and promised to get even with her friend.,317,0.19,She occupied their cherished location in the forest during their yearly summer retreat. Right after she settled in to consume her sandwich her closest companion requested that she seize the amphibian. Following her declination her companion playfully pushed her into the water. As she surfaced she chuckled and vowed to retaliate against her pal.,346,0.1852057904119942
5e9746fb1eed951eed404015,"Two friends went to their favorite spot to have lunch by a lake in the forest. One friend pushed the other when she refused to catch a frog and instead wanted to sit down and eat lunch. When the girl who was pushed into the lake emerged, a frog was present. The dry friend scooped the frog up as the girl who was pushed laughed and then warned her friend that she'll get back at her for the incident.",400,0.16,"A pair of companions headed to their cherished hangout to enjoy a midday meal beside a woodland lake. One comrade nudged the other for declining to grab a frog preferring instead to sit and commence their picnic. As the girl who got shoved into the water resurfaced, a frog was in attendance. The friend who remained dry quickly picked up the amphibian while the soaked girl chuckled and then cautioned her companion that she would seek revenge for the prank.",459,0.11042708562226577
60bff932463d5ad0d1ca15cc,"My friend pushed me in the water. We were sitting by the river, she wanted me to catch a frog. I was not interested, I was having my sandwich while we were sitting by the river bank. You know friends, they don't take no for an answer. When I was not looking, I felt a nudge of her pushing me into the water, when I got out, I saw a frog on the shore.",350,0.18,"My companion nudged me into the water. We had been lounging beside the stream, she was eager for me to grab a frog. I lacked interest, I was enjoying my sandwich as we sat on the river's edge. You're aware of how friends are, they seldom accept a refusal. While my attention was elsewhere, I sensed her shove as she propelled me into the water, once I emerged, I noticed a frog resting by the water's edge.",406,0.11956885888448274
5aea85695822e100014aba09,"I was visiting a lake with my friend. It was our annual summer camping trip. We were sat down on the shore of the lake. Our favourite spot to hang out and relax. When she saw a frog at the lake's edge. ""Go catch it"" she said. ""Not a chance"" I replied. As I stood up to move away she gave me a nudge into the water. As I emerged I let out an uncontrollable laugh. She grabbed the frog and handed it to me. ""I'll get my revenge"" I said.",434,0.15,"My friend and I were at a lake for a visit. This was our yearly getaway for summer camping. We found ourselves seated by the lake's edge. It was our preferred spot for unwinding and spending time. She noticed a frog near the brink of the lake. ""Try to catch it,"" she suggested. ""No way,"" was my response. She nudged me into the water as I got up to back away. I burst into spontaneous laughter as I came up from the water. She caught the frog and passed it to me. ""I'll have my payback,"" I declared.",499,0.0933823996893186
5fae30cda7efa227b8d84b72,My friend and I were at our annual summer lake when she decided to push me in the lake while I was about to eat my sandwich to catch a frog and when I emerged she had already scooped it and handed to me. I laughed uncontrollably and I told her I would get her for that.,269,0.24,My companion and I found ourselves at our yearly lakeside summer retreat when she suddenly shoved me into the water just as I was preparing to bite into my sandwich in pursuit of capturing an amphibian and as I surfaced she had swiftly captured it and presented it to me. I burst into hysterical laughter and I vowed to retaliate for her antics.,345,0.14051350024324638
5c14b996ce422b0001d71ac8,My best friend pushed me into the lake. It was during our annual summer holiday. It was peaceful. It started with her daring me to get a frog. I said no. So she snuck up behind me. She pushed me in. I was in shock. When I got out. I saw a frog on the shore. She scooped it up. She handed it to me. I said ‘I will get my revenge’.,329,0.2,"My closest companion shoved me into the water. This occurred during our yearly summer retreat. The atmosphere was serene. It began when she challenged me to catch a frog. I declined. Then she crept up on me from behind. And she gave me a push. I was taken aback. Upon emerging from the water. I noticed a frog at the water's edge. She quickly grabbed it. And then she presented it to me. I declared, 'I shall have my vengeance.'",428,0.15346284669086446
61a74f67a9217c6f76a4d0f2,"By the lake during a peaceful afternoon. The writer's friend saw a frog and told them to go get it from the lake but they said no. Their friend not taking no for an answer as ""friends do"", snuck up behind them and nudged them into the water. Then the friend scooped up the frog from and then started laughing uncontrollably. Then the writer told their friend that they'll get them back.",386,0.17,"Beside the tranquil waters in the afternoon hours, The author's companion noticed an amphibian and urged them to retrieve it from the waterside yet they declined. Undeterred by their refusal, as is the way with ""comrades"", crept up stealthily from behind and gave them a gentle push into the lake. Subsequently, the companion captured the frog and burst into fits of laughter. The author then warned their companion that retribution was imminent.",446,0.10413399145056049
613129fdf8f6b04c9a7a2429,"I was on summer holiday with my friend and we were beside the lake, she saw a frog and dared me to catch it. I was eating a sandwich and said I wasn't interested, but she gave me a nudge and I fell into the water, when I emerged the frog was on the shore, she picked it up and handed it to me. We both laughed, but I told her I'd get her back at some point.",357,0.19,"My friend and I were on a summer vacation, positioned near the edge of a lake, when she spotted a frog, prompting her to challenge me to grab it. I was in the middle of enjoying a sandwich, and expressed my lack of interest, yet she nudged me playfully, causing me to tumble into the lake, as I got back up, the frog was on the bank, she scooped it up, then passed it over to me. We shared a laugh together, although I warned her that I would have my revenge eventually.",470,0.12831105176944677
63861a54c47e7f59fdb5a4c8,"A person was on their annual summer camping trip with their friend. While enjoying their sandwich by the lake, their friend asked them to catch a frog they had seen near the waters edge. Though the story teller didn't want to do this, their friend gave them a gentle push and they fell into the water. When they emerged, their friend simply scooped up the frog in their hands. They both ended up laughing uncontrollably, but the story teller vowed he would get his revenge on his friend over time.",497,0.14,"An individual was embarking on their yearly summertime camping excursion with a companion. As they savored a sandwich beside the lake, their companion suggested they attempt to capture a frog spotted at the water's brink. Despite the narrator's reluctance, their companion nudged them playfully, resulting in a splash into the lake. Upon resurfacing, their companion effortlessly gathered the frog in their grasp. The pair burst into uncontrollable fits of laughter, yet the narrator swore to gradually exact revenge on their comrade.",534,0.11204120909378275
5f63dc32e5a9ed155d89bdeb,"Someone was pushed into the lake by their best friend, during their annual summer trip. The friend had seen a frog by the lake and wanted to catch it, but the narrator said no, they were also eating sandwiches by their favorite spot. The friend snuck up behind the narrator and pushed them, when the narrator got out of the lake the frog was by the shore and their friend scooped it up. Then the narrator laughed at how funny it was.",433,0.16,"A person was shoved into the water by their closest companion, during their yearly vacation in the summer. The companion had spotted a frog near the water's edge and attempted to capture it, however, the storyteller declined, while they were munching on sandwiches at their cherished spot. The companion crept up from behind the storyteller and gave them a push, once the storyteller emerged from the water the frog was along the bank and their companion quickly grabbed it. Afterward, the storyteller chuckled at the humorous situation.",537,0.12738028404761637
5fa507fa0776431b370bc0c7,"My friend pushed into the lake. It was during our summer camping. She dared me to jump in the lake because there was a frog that I needed to catch. As I was sitting and enjoying my sandwich, I told her I was not interested. So she sneaked behind me and before I knew it, she had pushed me into the water. I naturally laughed and told her she would get what's coming her way.",374,0.18,"My companion shoved me into the water. This occurred during our wilderness retreat in the summer. She challenged me to leap into the water under the pretext of needing to snag a frog. While I was contentedly munching on my sandwich, I declared my lack of interest. Then she crept up on me stealthily and before I could realize it, I found myself plunged into the lake by her. I burst into laughter naturally and warned her that retribution was on its way.",455,0.10062005600742856
5b95f22749835d0001dc0608,"My friend pushed me into the water on our annual trip to the water. I was about to eat my sandwich when my friend spotted a frog. She wanted me to pick it up but I said no. She didn’t take no for an answer and nudged me into the water. When I came out from the water I saw a frog on the water’s edge and we laughed uncontrollably. I then told her just to wait, I’d get my revenge.",380,0.18,"My companion nudged me into the lake during our yearly visit to the lake. I was on the verge of consuming my sandwich when my companion caught sight of a frog. She urged me to grab it but I refused. She wouldn't accept a refusal and shoved me into the lake. Emerging from the lake I noticed a frog at the edge of the water and we burst into hysterical laughter. I then warned her to just wait, promising that I would have my retribution.",437,0.1397434448718535
60bbac6c8f57c38f1b834e80,My best friend pushed me into the lake. This happened at our annual summer camp. She saw a frog and wanted it and I had just sat down to eat my sandwich. When I submerged from the water I saw her scooping the frog and I couldn't help but laugh and get my revenge. I said to her just wait you will get yours coming.,314,0.23,My closest companion shoved me into the water. It occurred during our yearly summer retreat. She spotted a frog and desired to catch it while I had only settled down to consume my sandwich. As I emerged from the depths I observed her capturing the amphibian and I burst into laughter despite myself while plotting my retribution. I warned her to just wait as her turn for payback was imminent.,393,0.1688292555182188
55780ee6fdf99b4cbc0aef95,My best friend pushed me into a lake on our annual camping trip to our favourite place. What happened was she dared me to push a frog but I was eating my sandwich so told her no. She gave me a little nudge and I fell in. I got out of the lake and she picked the frog and handed it to me. I laughed uncontrollably and said I would get revenge.,342,0.21,My closest companion nudged me into a body of water during our yearly wilderness excursion to the spot we cherish most. The situation unfolded as she challenged me to nudge an amphibian while I was enjoying my snack thus I declined. She prodded me gently causing me to tumble in. I emerged from the water and she retrieved the amphibian then presented it to me. I burst into hysterical laughter declaring my intent for playful retaliation.,439,0.15935004983790432
5c14dd3f5e545c0001e3f119,"His best friend pushed me into the lake. This happened during their annual summer camping trip. They were enjoying their time by the lake. The friend wanted to catch frogs. He was eating a sandwich. She pushed him into the water. When he came out, there was a frog on the shore. She scooped up the frog. She handed the frog to him. There was a lot of laughter. He threatened revenge for getting pushed into the water.",417,0.17,"His closest companion shoved me into the water. It occurred during their yearly wilderness retreat. They were relishing their moments beside the lake. The companion aimed to capture some frogs. He was consuming a sandwich. She nudged him into the lake. Upon emerging, a frog was present at the water's edge. She gathered the frog in her hands. She passed the frog to him. There was an abundance of chuckles. He vowed to get even for being plunged into the water.",462,0.14364788444497834
59ef45d37f3d71000171e3a7,"My friend pushed me in the lake. We were at summer camp enjoying a peaceful afternoon. She saw a frog on the bank. I was just about to eat my sandwich when she nudged me and I fell in. As I emerged from the lake, the frog was sitting on the bank. My friend picked it up and handed it to me and we started laughing uncontrollably. Friends don't always do what they are supposed to and I told her ""just you wait"" as I will get revenge.",433,0.17,"My companion nudged me into the water. We were spending a serene afternoon at the camp for the summer. She noticed a frog near the water's edge. I was on the verge of consuming my sandwich when she gave me a little push causing me to tumble into the water. Rising from the lake, there was the frog, perched on the shore. My friend scooped it up and presented it to me which sent us into fits of laughter. Companions don't always adhere to expectations and I warned her, 'your turn will come' as I plotted my retaliation.",520,0.13171024510034615
6080566a0154142154b11ab6,"My friend pushed me into the lake. Here's the story. It was our annual camping trip and we were sitting at our favourite spot by the lake and my friend dared me to pick up the frog which was by the waterside and I said no. We were eating our sandwiches at the time. I thought it was gross. But as friends commonly do, they don't take no for an answer and she nudged me into the water. When I got out of the water my friend picked up the frog and handed it to me. It wasn't as bad as I had expected. But I wanted revenge for her pushing me into the lake and I vowed to make her pay some day.",590,0.12,"My companion shoved me into the water. Let me tell you what happened. We were on our yearly wilderness excursion and we had settled at our preferred lakeside location when my friend challenged me to grab the frog that was near the edge of the water and I refused. At that moment, we were munching on our sandwiches. I found the idea repulsive. However, as is often the case with friends, they seldom accept a refusal and she tipped me into the lake. Climbing out of the lake my friend scooped up the frog and presented it to me. It turned out to be less unpleasant than I anticipated. Yet, I sought retribution for her act of pushing me in and I silently swore to get even with her eventually.",693,0.10463219941171716
63d27e2391b927710684988a,"my best friend pushed me into the lake. This was on our annual summer picnic. It started as it was to do with a frog. We were at the waters edge - this is at our favourite spot in the woods - and my friend asked me to come and take a look. I said no as I was reading my cook. Course, friends, they don't always take no for an answer do they.",341,0.22,"My closest companion shoved me into the water. It occurred during our yearly summer outing. The incident began with something about a frog. We stood by the water's brink - this happened at our most cherished place in the forest - and my buddy beckoned me over to have a glance. I declined because I was engrossed in my book. Of course, pals don't always accept a refusal, do they.",380,0.19479573911257891
5f67ae1b22c41c0e44275dc2,"I was camping with my friend and fell in a lake. Well, more to say she pushed me. We were camping by a lake - our favorite place- when she saw a frog on the shoreline. She joked she was going to push me in but I said Np. 'Course friends don't always take no for an answer. She pushed me into the lake, and as I came up she scooped up the frog and handed it to me. I said ""just you wait"" ""just you wait and see. I'll get you back""",429,0.18,"My companion and I were on a camping trip and I ended up in a lake. To be more precise, she nudged me in. Our preferred spot was a lakeside campsite - where she spotted a frog near the water's edge. She playfully threatened to shove me into the water but I dismissed it with a 'No problem'. However, friends don't always heed a refusal. Into the lake I was pushed by her, and as I resurfaced she grabbed the frog and presented it to me. My response was, ""just you wait"" ""watch and see. Your turn will come.""",507,0.10612684926749504
5d225f02bf7f840001701aa3,My best friend pushed me into a lake. We were on a camping trip. It was a relaxed afternoon. We were at our favourite spot. She asked me to catch a frog. I said no. She didn't take no for an answer and pushed me in. The frog jumped onto land and she picked it up and handed it to me. I laughed uncontrollably and swore to get my revenge.,337,0.23,My closest companion shoved me into the water. We had gone on a wilderness excursion. The afternoon was filled with ease. We were at the spot we loved most. She challenged me to grab a frog. I declined. She wouldn't accept a refusal and toppled me into the lake. The frog leaped ashore and she scooped it up then passed it to me. I burst into uncontrollable laughter and vowed to exact my vengeance.,399,0.18319278611157885
5b70ae85bd1fa100017ab163,"My friend pushed me into the lake during a peaceful afternoon of our annual summer break. We were in a clearing in the woods by the lake shore and I'd been about to eat my sandwich and she saw a frog at the side of the lake and wanted me to get it and when I moved towards the lake she pushed me in. I couldn't help but laugh uncontrollably and swore to get revenge on her ""Just wait, you'll get yours!""",403,0.2,"My companion shoved me into the water on a tranquil afternoon during our yearly summer vacation. We found ourselves in a glade within the forest adjacent to the lake's edge just as I was about to consume my sandwich when she noticed a frog at the water's brink and desired for me to catch it as I approached the water she gave me a push into it. I burst into uncontrollable laughter and vowed to exact my revenge upon her ""Just you wait, retribution will be yours!""",465,0.1524992174061505
5ad596f5e704600001542da4,"I was at the lake with my best friend and I fell in. This had all started because of a frog. We were at our favourite part of the lake and my friend had told me to catch a frog. I told her I was not interested. Friends don't take no for an answer so she gave me a little nudge and pushed me in. When I got out of the lake she handed me a frog and I started to laugh uncontrollably. I said I would get revenge on her, ""just you wait"".",433,0.19,"My best friend and I were beside the lake when I accidentally tumbled into the water. The whole incident was triggered by a frog. We had settled at our most cherished spot by the lake where my friend challenged me to capture a frog. I expressed my lack of interest in doing so. True friends rarely accept a refusal thus she prodded me gently resulting in my unintended plunge. As I emerged from the lake she presented me with a frog which caused me to burst into uncontrollable laughter. I vowed to exact my revenge on her, promising, ""your time will come.""",557,0.13625037095131057
63ed3a6f78ef6e5956362003,My friend pushed me into a lake. It was at our usual summer hangout and she offered me a sandwich ‘Course friends don’t always take no for an answer She picked up a frog I started uncontrollably laughing ‘You’ll get yours soon enough’,234,0.36,"A buddy of mine shoved me into the water. This occurred at our regular spot for summer gatherings. Then she handed me a sandwich. Obviously, pals don't always accept a refusal. She grabbed a frog. I burst into laughter without being able to stop. 'Your turn will come before long,' she warned.",293,0.21598065030150174
5c52016a3146f80001d47b26,"His friend pushed him into the lake. They were on the annual camping trip. They were at their favorite spot on the shore and his friend told him to get a frog. He said no because he had just sat down to eat his sandwich. She didn't take no for an answer and pushed him in. When he emerged, she had scooped up the frog. He laughed uncontrollably. He said he would get revenge.",375,0.23,"His companion shoved him into the water. It was their yearly wilderness outing. They had settled at their preferred lakeside location where his companion suggested he catch a frog. He declined the request citing that he had just begun to enjoy his sandwich. She persisted despite his refusal and nudged him into the lake. As he came up from the water, she had already grabbed the amphibian. He burst into hysterical laughter. He vowed to exact his retribution.",460,0.14726775426795652
5e573763bb69b30f9aa4fb5e,"Two friends went camping and one fell into the lake, it was their annual summer trip. One friend saw a frog and she did not want to catch it because had just sat down to eat a sandwich. The friend decided to give the friend a little nudge from behind causing her to fall into the lake. When she emerged from the lake the frog always sitting on the shore. The friend picked the frog up and handed it to her and she could do nothing but laugh uncontrollably. The friend said just you wait I will have my revenge.",510,0.17,"A pair of companions set out for a camping adventure and one tumbled into the waterbody, marking their yearly summertime excursion. One of the friends spotted a frog and she had no desire to capture it since she had just settled down to enjoy her sandwich. The companion chose to prod the other gently from the back which resulted in her toppling into the lake. As she rose from the lake the frog was perpetually perched on the bank. The companion grasped the frog and presented it to her leaving her with no option but to burst into hysterical laughter. The companion warned with a playful tone, just wait my retaliation will come.",632,0.1293576126160601
63b88f0a0092804c1fabe3f9,"My friend pushed me into the lake. This happened during our summer camping trip because my friend dared me to catch a frog. I had just sat down to eat my sandwich and I told her I wasn't interested. She then snuck up behind me and gave me a little nudge into the lake. When I emerged from the water, there was a frog on the shore. She just scooped it up and handed it to me.",374,0.24,"My companion shoved me into the water. It occurred while we were on our summer camp. The reason was a dare from my friend to snatch a frog. I was in the midst of settling down to consume my sandwich and I expressed my lack of interest to her. She stealthily approached me from behind and prodded me gently into the water. As I rose from the lake, a frog was sitting at the water's edge. She effortlessly picked it up and presented it to me.",440,0.1609473836325682
5e8a0e492f3e0c6b03e32740,"A friend of mine pushed me in the lake. This happened on our camping trip in the afternoon. She saw a frog near the water at our favorite spot close to the wood. She asked me to catch it, I was eating a sandwich and I said no. She didn't take no for an answer, She came behind and pushed me into the water. When I came up, the frog was there, She picked up and gave it to me. All I did was laugh and I told her I wanted revenge and very soon.",442,0.21,"My companion shoved me into the lake. It occurred during our afternoon excursion while camping. She spotted a frog by the water's edge at our preferred location near the forest. She requested that I capture it, While I was munching on a sandwich, I declined. However, she wouldn't accept a refusal, Approaching from behind, she nudged me into the lake. As I surfaced, the frog was right there, She grasped it and handed it over to me. I simply chuckled and warned her that retribution was coming soon.",501,0.16911777533922154
61059bef747539f1334fbe6b,"My best friend pushed me into the lake. This happened on our annual camping trip. We were having a peaceful afternoon. She noticed a frog at the edge of the lake. She dared me to catch it. I said no thanks. But friends, you know, don't take no for an answer. When I tried to catch it, she came up behind me. She pushed me in. I couldn't help but laugh. When I tried to get out of the water, I saw the frog at the water's edge. She picked it up. I warned her that I would get my own back. At some point when she least expected it.",529,0.18,"My closest companion shoved me into the water. It occurred during our yearly wilderness excursion. We were enjoying a tranquil afternoon. She spotted a frog by the lake's brink. She challenged me to grab it. I declined the offer. However, pals typically don't accept a refusal. As I attempted to seize it, she stealthily approached from behind. She gave me a nudge into the lake. I burst out laughing despite myself. Attempting to climb out, I noticed the frog near the shore. She scooped it up. I cautioned her that I'd have my revenge. At an unexpected moment in the future.",576,0.16458568310085064
641f24898edfbdc7328d686e,Best friend pushed me into a lake on their annual summer camping trip one afternoon. Reason was because of a frog at the waters edge in a favourite spot in the woods. She was dared to catch it but had just started eating a sandwich so didn't want to. So the friend sneaked up and pushed her in. When she came back up the frog was on the shore which the friend scooped up and gave to her. So she laughed and said that she will get her revenge.,442,0.22,"My closest companion shoved me into the water during their yearly wilderness retreat on a sunny afternoon. The cause was a frog's presence near the lake's brink at a cherished clearing among the trees. She received a challenge to capture it yet she had just begun to eat her sandwich and thus preferred not to. Hence, my friend tiptoed behind and gave me a nudge into the lake. As I resurfaced the frog was perched by the lakeside which my friend promptly picked up and presented it to me. I couldn't help but chuckle and vowed to enact my vengeance.",550,0.15956862887396359
60911d6a50cf579aaaf9fe36,My best friend pushed me into a lake. This happened on our annual summer camping trip. She saw a frog and asked me to grab it. I had just sat down to eat lunch so said no. But friends don't listen and she pushed me. I couldn't help but to laugh uncontrollably. I want revenge and said you'll get yours soon enough.,314,0.31,"My closest companion shoved me into the water. It occurred during our yearly camping excursion in the summer. She spotted a frog and requested that I catch it. I had only just settled down to have my lunch thus I declined. However, friends often ignore refusals and she nudged me in. I found myself laughing hysterically. I seek retribution and proclaimed that she would have her comeuppance soon.",397,0.25956518766402015
5caf23c113dcf90016ad24ad,"My friend pushed me into a lake. It all started on our annual summer camping trip. She saw a frog on the shore and dared me to catch it. If I had just continued eating my sandwich this wouldn't have happened. I said no, but sometimes friends don't always listen. She snuck up behind me and pushed me into the water. When I got out there was a frog on the bank and she scooped it up and handed it to me. I couldn't help but laugh.",429,0.23,"My companion shoved me into the water. This began during our yearly wilderness excursion. She spotted an amphibian at the water's edge and challenged me to capture it. Had I merely continued with my sandwich none of this would have occurred. I declined, yet friends don't always heed refusal. Stealthily, she approached from behind and thrust me into the lake. Emerging from the lake I noticed a frog on the shore which she quickly grabbed and presented it to me. Laughter was inevitable.",488,0.21214476476611677
5b0d39f4641b1200010ef716,"I was on my annual summer camping trip with my best friend. I was sat eating my sandwich when she dared me to catch a frog. I said I wasn't interested so she came behind me and gave me a nudge into the water and I fell in. When I emerged from the walk there was a frog on the shore, my friend just handed it to me and laughed. I laughed as well but planned my revenge and told her to ""just wait, you'll get yours soon enough""",425,0.24,"My best friend and I were on our yearly summer excursion into the wilderness. While I was enjoying my sandwich, she challenged me to capture a frog. I expressed my lack of interest but she stealthily approached from behind and pushed me slightly towards the water causing me to tumble in. As I got back on my feet after the plunge I noticed a frog resting by the water's edge, and she simply passed it to me while chuckling. I joined in the laughter yet I was concocting my retaliation and warned her with a smile, ""just wait, your time will come soon enough.""",560,0.14676655702566072
6474a4b973909ba4745f59df,"My best friend pushed me into the lake. I'll tell you how it all began. We were sitting by the edge of the lake-our favorite spot in the woods, when my friend saw a frog on the water. Get it! She said. No way! I answered. But- you know friends, they don't always take no for an answer. So she gave me a nudge. When I came up from the water there was a frog sitting on the shore. And I couldn't help but laugh- uncontrollably. Just you wait, I said, your turn will come!",469,0.21,"My closest companion nudged me into the water. Let me describe how it started. We were perched by the lake's brink—our most cherished place amidst the trees, when my pal noticed a frog floating on the surface. Catch it! She exclaimed. Absolutely not! I retorted. However, you're aware how friends can be—they seldom accept a refusal. Thus, she prodded me slightly. Emerging from the water, I saw a frog perched on the bank. And I burst into laughter—helplessly. Just be patient, I declared, the time for your plunge is imminent!",528,0.1550702435196212
60fd36bd3daa2d81249f11b2,My friend pushed me into a lake. It was at a summer camp. We were all enjoying a peaceful afternoon. She had asked me to catch a frog. I had just sat down to eat my lunch. So I said no. Course friends don't always take no for an answer. So she crept up behind me. And pushed me into the lake. I saw on the shore a frog. Which she picked up. And handed to me. I couldn't help but laugh. Uncontrollably.,401,0.26,"My companion nudged me into the water. This occurred at a summer retreat. We were all relishing a serene afternoon. She requested that I grab a frog. I had just settled down to consume my meal. Thus, I declined. Of course, pals don't always accept a refusal. Hence, she stealthily approached from behind. And toppled me into the water. On the bank, I noticed a frog. Which she scooped up. And presented it to me. I found myself unable to suppress my laughter. Without control.",476,0.22559895639231092
5cc9bc7031164b00011997fa,"My best friend pushed me in to a lake. It was on our annual camping trip. She saw a frog by the shore but I didn't want to look at it because I wanted to eat my sandwich. When I was crouched down she came up behind me and gave me a nudge. I went in the water. When I emerged there was a frog on the shoreline. She scooped it up and handed it to me. I started to laugh uncontrollable and said ""Just you wait"" and ""you'll get yours"" about revenge.",445,0.23,"My closest companion nudged me into a body of water. This occurred during our yearly wilderness excursion. She spotted an amphibian near the water's edge but I had no interest in seeing it since I was focused on consuming my sandwich. As I knelt down she stealthily approached from behind and pushed me slightly. I ended up in the lake. Upon resurfacing a frog was present at the shore. She quickly grabbed it and presented it to me. I burst into uncontrollable laughter exclaiming, ""Just you wait"" hinting at impending retribution with ""you'll have your turn"".",561,0.17589226974739747
6447b97fcf178dac7047d45f,"Today my friend pushed me into a lake. We were on our annual summer camping trip. She asked me to catch a frog, but I was eating my sandwich. She wouldn't take no for an answer, and pushed me into the lake. As I came out of the water a frog landed next the lake; my friend picked it up and gave it to me. I couldn't help but laugh uncontrollably. Of course, the first thing I could think of was revenge. ""Just you wait"" I said,. ""You'll get your's soon enough!""",461,0.23,"This day, my companion shoved me into a body of water. It was during our yearly excursion into the wilderness. She challenged me to grab a frog, while I was in the midst of enjoying my sandwich. She persisted despite my refusal, and nudged me into the water. Emerging from the lake, a frog made its landing beside the water; my friend scooped it up and handed it over to me. I found myself laughing hysterically. Naturally, the initial thought that crossed my mind was payback. ""Just you wait,"" I warned her, ""Your turn will come soon enough!""",543,0.1745584920442541
5fae55f1c1b83f2c4d05540d,"I was on my annual camping trip with my friend, in our regular favorite spot. I was just sitting down eating my sandwich when my friend spotted a frog by the lake's edge. She dared me to catch it and I said no. But of course, with best friends, sometimes they don't take no for an answer. I was by the water edge when she snuck up behind me and pushed me in. She then picked up the frog and handed it to me and I laughed uncontrollably. Then I said to her ""look out you'll get yours eventually.""",495,0.23,"My friend and I were on our yearly wilderness outing, settled in our usual cherished location. I had just sat down to enjoy my sandwich as my friend noticed a frog near the shore of the lake. She challenged me to grab it to which I declined. However, with best friends, a 'no' often goes unheeded. I found myself at the water's brink when she stealthily approached from behind and gave me a nudge into the water. Afterwards, she scooped up the frog and presented it to me causing me to burst into fits of laughter. I then warned her, ""watch out, your time will come.""",567,0.17371525041647265
645be121a46b65188b41cdc3,"My best friend pushed me into the lake. This happened at our annual camping trip, at our favourite spot. She spotted a frog at the edge and asked me to catch it. I had just sat down to eat my sandwich and refused. 'Course, thats the thing about friends, they dont always take no for an answer. She snuck up behind me and pushed me into the water. When I came back up, there was a frog on the shore, which she simply scooped up and handed it to me. I couldnt let this go without some revenge, so I told her ""just you wait"". She laughed.",535,0.24,"My closest companion shoved me into the water. It occurred during our yearly wilderness excursion, at the spot we love most. She noticed a frog near the bank and requested that I grab it. I had only just settled down to enjoy my sandwich and I declined. Of course, that's how it is with friends, they don't always accept a refusal. She crept up on me from behind and nudged me into the lake. As I resurfaced, a frog was sitting by the water's edge, which she effortlessly picked up and presented it to me. I couldn't overlook this act without retaliation, so I warned her, ""your turn will come"". She burst into laughter.",620,0.19351256888259677
